"Qty","Reference","Value","Footprint","MPN","MFR","DIS","DPN","Description","Purchase Link","Datasheet"
"2","C3,C10","10u","Capacitor_SMD:C_0805_2012Metric","CC0805KKX5R8BB106","YAGEO","DigiKey","311-1869-1-ND","Unpolarized capacitor, small symbol","https://www.digikey.com/en/products/detail/yageo/CC0805KKX5R8BB106/5195275",""
"2","C4,C11","220n","Capacitor_SMD:C_0805_2012Metric","CC0805KKX5R8BB106","YAGEO","DigiKey","311-1869-1-ND","Unpolarized capacitor, small symbol","https://www.digikey.com/en/products/detail/yageo/CC0805KKX5R8BB106/5195275",""
"2","C5,C18","0.1u","Capacitor_SMD:C_0805_2012Metric","CC0805KKX5R8BB106","YAGEO","DigiKey","311-1869-1-ND","Unpolarized capacitor, small symbol","https://www.digikey.com/en/products/detail/yageo/CC0805KKX5R8BB106/5195275",""
"6","C6,C7,C8,C19,C20,C21","22u","Capacitor_SMD:C_0805_2012Metric","CC0805KKX5R8BB106","YAGEO","DigiKey","311-1869-1-ND","Unpolarized capacitor, small symbol","https://www.digikey.com/en/products/detail/yageo/CC0805KKX5R8BB106/5195275",""
"2","C9,C12","1u","Capacitor_SMD:C_0805_2012Metric","CC0805KKX5R8BB106","YAGEO","DigiKey","311-1869-1-ND","Unpolarized capacitor, small symbol","https://www.digikey.com/en/products/detail/yageo/CC0805KKX5R8BB106/5195275",""
"4","C13,C15,C16,C17","100n","Capacitor_SMD:C_0805_2012Metric","CC0805KRX7R9BB104","YAGEO","DigiKey","311-1140-1-ND","Unpolarized capacitor, small symbol","https://www.digikey.com/en/products/detail/yageo/CC0805KRX7R9BB104/302874",""
"1","C14","1u","Capacitor_SMD:C_0805_2012Metric","CC0805KKX7R7BB105","YAGEO","DigiKey","311-1365-1-ND","Unpolarized capacitor, small symbol","https://www.digikey.com/en/products/detail/yageo/CC0805KKX7R7BB105/2103103",""
"1","CR1","MMSZ5240B","VMS_Footprints:SOD123_DIO","MMSZ5240B","Diodes Incorporated","DigiKey","MMSZ5245B-FDICT-ND","","","MMSZ5240B"
"1","CR2","ESDCAN03-2BWY","VMS_Footprints:SOT323-3L_STM","ESDCAN03-2BWY","STMicroelectronics","DigiKey","497-15846-1-ND","","https://www.digikey.com/en/products/detail/stmicroelectronics/ESDCAN03-2BWY/5305266","https://www.st.com/resource/en/datasheet/esdcan03-2bwy.pdf"
"1","CR3","ESDA051-1JY","VMS_Footprints:ESDA051-1JY","","","","","","","https://www.st.com/resource/en/datasheet/esda051-1jy.pdf"
"3","D1,D4,D5","GRN","LED_SMD:LED_0805_2012Metric_Pad1.15x1.40mm_HandSolder","LTST-C170GKT","Lite-On Inc.","DigiKey","160-1179-1-ND","Light emitting diode","https://www.digikey.com/en/products/detail/liteon/LTST-C170GKT/269226",""
"1","D2","Blue","LED_SMD:LED_0805_2012Metric_Pad1.15x1.40mm_HandSolder","LTST-C170GKT","Lite-On Inc.","DigiKey","160-1179-1-ND","Light emitting diode","https://www.digikey.com/en/products/detail/liteon/LTST-C170GKT/269226",""
"1","F1","3568","VMS_Footprints:FUSE_3568","","","","","","",""
"1","IC1","STM32C092RCT6","VMS_Footprints:QFP50P1200X1200X160-64N","STM32C092RCT6","STMicroelectronics","DigiKey","497-STM32C092RCT6-ND","Mainstream Arm Cortex-M0+ MCU with 256 Kbytes of Flash memory, 36 Kbytes RAM, 48 MHz CPU, 4x USART, timers, ADC, comm. I/F, 2-3.6V","https://www.digikey.com/en/products/detail/stmicroelectronics/STM32C092RCT6/25935639","https://www.st.com/resource/en/datasheet/stm32c091cb.pdf"
"1","J1","5810132011","VMS_Footprints:Cinch_5810132011_PCB_Header","","","","","","",""
"1","J2","CN1","VMS_Footprints:1x10_Header_f","","","","","Generic connector, single row, 01x10, script generated (kicad-library-utils/schlib/autogen/connector/)","","PPPC101LFBN-RC"
"1","J3","CN2","VMS_Footprints:1x10_Header_f","","","","","Generic connector, single row, 01x10, script generated (kicad-library-utils/schlib/autogen/connector/)","","PPPC101LFBN-RC"
"1","J4","CN3","Connector_PinHeader_2.54mm:PinHeader_1x06_P2.54mm_Vertical","","","","","Generic connector, single row, 01x06, script generated (kicad-library-utils/schlib/autogen/connector/)","",""
"1","J5","MCU6","Connector_PinHeader_2.54mm:PinHeader_1x04_P2.54mm_Vertical","","","","","Generic connector, single row, 01x04, script generated (kicad-library-utils/schlib/autogen/connector/)","",""
"1","J6","CN4","Connector_PinHeader_2.54mm:PinHeader_1x06_P2.54mm_Vertical","","","","","Generic connector, single row, 01x06, script generated (kicad-library-utils/schlib/autogen/connector/)","",""
"1","J7","MCU5","Connector_PinHeader_2.54mm:PinHeader_1x06_P2.54mm_Vertical","","","","","Generic connector, single row, 01x06, script generated (kicad-library-utils/schlib/autogen/connector/)","",""
"1","J8","Termination Resistor Jumper","Connector_PinHeader_2.54mm:PinHeader_1x02_P2.54mm_Vertical","","","","","Generic connector, single row, 01x02, script generated","",""
"1","J9","GND","Connector_PinHeader_2.54mm:PinHeader_1x04_P2.54mm_Vertical","PRPC004SAAN-RC","Sullins Connector Solutions","DigiKey","S1011EC-04-ND","Generic connector, single row, 01x04, script generated (kicad-library-utils/schlib/autogen/connector/)","https://www.digikey.com/en/products/detail/sullins-connector-solutions/PRPC004SAAN-RC/2775250",""
"1","J10","12V","Connector_PinHeader_2.54mm:PinHeader_1x02_P2.54mm_Vertical","PRPC002SAAN-RC","Sullins Connector Solutions","DigiKey","S1011EC-02-ND","Generic connector, single row, 01x02, script generated (kicad-library-utils/schlib/autogen/connector/)","https://www.digikey.com/en/products/detail/sullins-connector-solutions/PRPC002SAAN-RC/2775252",""
"1","J11","Conn_ST_STDC14","Connector_PinHeader_1.27mm:PinHeader_2x07_P1.27mm_Vertical","FTSH-107-01-F-DV-K","Samtec Inc.","DigiKey","612-FTSH-107-01-F-DV-K-ND","ST Debug Connector, standard ARM Cortex-M SWD and JTAG interface plus UART","https://www.digikey.com/en/products/detail/samtec-inc/FTSH-107-01-F-DV-K/2650001","https://www.st.com/content/ccc/resource/technical/document/user_manual/group1/99/49/91/b6/b2/3a/46/e5/DM00526767/files/DM00526767.pdf/jcr:content/translations/en.DM00526767.pdf"
"1","J12","MCU1","VMS_Footprints:1x10_Header_f","","","","","Generic connector, single row, 01x10, script generated (kicad-library-utils/schlib/autogen/connector/)","","PPPC101LFBN-RC"
"1","J13","MCU2","VMS_Footprints:1x10_Header_f","","","","","Generic connector, single row, 01x10, script generated (kicad-library-utils/schlib/autogen/connector/)","","PPPC101LFBN-RC"
"1","J14","5V","Connector_PinHeader_2.54mm:PinHeader_1x04_P2.54mm_Vertical","PRPC004SAAN-RC","Sullins Connector Solutions","DigiKey","S1011EC-04-ND","Generic connector, single row, 01x04, script generated (kicad-library-utils/schlib/autogen/connector/)","https://www.digikey.com/en/products/detail/sullins-connector-solutions/PRPC004SAAN-RC/2775250",""
"1","J15","3V3","Connector_PinHeader_2.54mm:PinHeader_1x04_P2.54mm_Vertical","PRPC004SAAN-RC","Sullins Connector Solutions","DigiKey","S1011EC-04-ND","Generic connector, single row, 01x04, script generated (kicad-library-utils/schlib/autogen/connector/)","https://www.digikey.com/en/products/detail/sullins-connector-solutions/PRPC004SAAN-RC/2775250",""
"1","J16","MCU3","VMS_Footprints:1x10_Header_f","","","","","Generic connector, single row, 01x10, script generated (kicad-library-utils/schlib/autogen/connector/)","","PPPC101LFBN-RC"
"1","J17","MCU4","VMS_Footprints:1x10_Header_f","","","","","Generic connector, single row, 01x10, script generated (kicad-library-utils/schlib/autogen/connector/)","","PPPC101LFBN-RC"
"2","L1,L2","3.3u","Inductor_SMD:L_0805_2012Metric_Pad1.05x1.20mm_HandSolder","","","","","Inductor","",""
"1","Q1","SUD19P06-60","Package_TO_SOT_SMD:TO-252-2","","","","","-19A Id, -60V Vds, TrenchFET P-Channel Power MOSFET, 60mOhm Ron, 40nC Qg, -55 to 150 °C, TO-252-2","","https://www.vishay.com/docs/69253/sud19p06.pdf"
"1","R1","100k","Resistor_SMD:R_0805_2012Metric","RC0805FR-07100KL","YAGEO","DigiKey","311-100KCRCT-ND","Resistor, small US symbol","https://www.digikey.com/en/products/detail/yageo/RC0805FR-07100KL/727544",""
"2","R2,R8","1k","Resistor_SMD:R_0805_2012Metric","RC0805FR-071KL","YAGEO","DigiKey","311-1.00KCRCT-ND","Resistor, small US symbol","https://www.digikey.com/en/products/detail/yageo/RC0805FR-071KL/727444",""
"1","R3","360","Resistor_SMD:R_0805_2012Metric","RC0805FR-071KL","YAGEO","DigiKey","311-1.00KCRCT-ND","Resistor, small US symbol","https://www.digikey.com/en/products/detail/yageo/RC0805FR-071KL/727444",""
"2","R4,R6","100k","Resistor_SMD:R_0805_2012Metric","RC0805FR-071KL","YAGEO","DigiKey","311-1.00KCRCT-ND","Resistor, small US symbol","https://www.digikey.com/en/products/detail/yageo/RC0805FR-071KL/727444",""
"1","R5","43.2k","Resistor_SMD:R_0805_2012Metric","RC0805FR-071KL","YAGEO","DigiKey","311-1.00KCRCT-ND","Resistor, small US symbol","https://www.digikey.com/en/products/detail/yageo/RC0805FR-071KL/727444",""
"1","R7","24.9k","Resistor_SMD:R_0805_2012Metric","RC0805FR-071KL","YAGEO","DigiKey","311-1.00KCRCT-ND","Resistor, small US symbol","https://www.digikey.com/en/products/detail/yageo/RC0805FR-071KL/727444",""
"1","R9","680","Resistor_SMD:R_0805_2012Metric","RC0805FR-071KL","YAGEO","DigiKey","311-1.00KCRCT-ND","Resistor, small US symbol","https://www.digikey.com/en/products/detail/yageo/RC0805FR-071KL/727444",""
"1","R25","10k","Resistor_SMD:R_0805_2012Metric","RC0805FR-0710KL","YAGEO","DigiKey","311-10.0KCRCT-ND","Resistor, small US symbol","https://www.digikey.com/en/products/detail/yageo/RC0805FR-0710KL/727535",""
"1","R26","120","Resistor_SMD:R_0805_2012Metric","RC0805FR-0710KL","YAGEO","DigiKey","311-10.0KCRCT-ND","Resistor, small US symbol","https://www.digikey.com/en/products/detail/yageo/RC0805FR-0710KL/727535",""
"1","SW2","SW_Push","Button_Switch_THT:SW_PUSH_6mm_H4.3mm","B3F-1000","Omron Electronics Inc-EMC Div","DigiKey","SW400-ND","Push button switch, generic, two pins","https://www.digikey.com/en/products/detail/omron-electronics-inc-emc-div/B3F-1000/33150",""
"2","U3,U4","LMR33640DDDA","Package_SO:Texas_HSOP-8-1EP_3.9x4.9mm_P1.27mm_ThermalVias","","","","","Simple Switcher Synchronous Buck Regulator, Vin=3.8-36V, Iout=4A, F=1000kHz, Adjustable output voltage, HSOP-8","","http://www.ti.com/lit/ds/symlink/lmr33640.pdf"
"1","U6","MCP2562FDT-H_SN","VMS_Footprints:SOIC127P600X175-8N","MCP2562FDT-H/SN","Microchip Technology","DigiKey","150-MCP2562FDT-H/SNCT-ND","CAN Flexible Data Rate Transceiver | Microchip Technology Inc. MCP2562FDT-H/SN","https://www.digikey.com/en/products/detail/microchip-technology/MCP2562FDT-H-SN/4860107",""
