Qty,Reference,Value,Footprint,MPN,MFR,Automotive Certification,DIS,DPN,Description,Purchase Link,Datasheet
6,"C4,C5,C6,C11,C12,C13",22u,Capacitor_SMD:C_0805_2012Metric,GRT21BR61C226ME13K,Murata Electronics,AEC-Q200,DigiKey,490-GRT21BR61C226ME13KCT-ND,22 µF ±20% 16V Ceramic Capacitor X5R 0805 (2012 Metric),https://www.digikey.com/en/products/detail/murata-electronics/GRT21BR61C226ME13K/13904964,https://pim.murata.com/asset/pim4/ceramicCapacitorSMD/GRT21BR61C226ME13-01A-EN_PDF_CERAMICCAPACITORSMD
1,CR1,SZMMSZ5245BT1G,VMS_Footprints:SOD123_DIO,SZMMSZ5245BT1G,onsemi,AEC-Q101,DigiKey,SZMMSZ5245BT1GOSCT-ND,Zener Diode 15 V 500 mW ±5% Surface Mount SOD-123,https://www.digikey.com/en/products/detail/onsemi/SZMMSZ5245BT1G/3063370,MMSZ5245B-7-F
1,CR2,ESDA051-1JY,Diode_SMD:D_SOD-323,ESDA051-1JY,STMicroelectronics,AEC-Q101,DigiKey,497-ESDA051-1JYCT-ND,12.8V Clamp 20A (8/20µs) Ipp Tvs Diode Surface Mount SOD-323,https://www.digikey.com/en/products/detail/stmicroelectronics/ESDA051-1JY/11686344?s=N4IgTCBcDaIKIGUAiBBADAVgIwFosCkBNEAXQF8g,https://www.st.com/resource/en/datasheet/esda051-1jy.pdf
1,CR3,ESDCAN03-2BWY,VMS_Footprints:SOT323-3L_STM,ESDCAN03-2BWY,STMicroelectronics,AEC-Q101,DigiKey,497-15846-1-ND,41V Clamp 3A (8/20µs) Ipp Tvs Diode Surface Mount SOT-323-3,https://www.digikey.com/en/products/detail/stmicroelectronics/ESDCAN03-2BWY/5305266,https://www.st.com/resource/en/datasheet/esdcan03-2bwy.pdf
1,Q1,PJD9P06A-AU_L2_000A1,Package_TO_SOT_SMD:TO-252-2,PJD9P06A-AU_L2_000A1,Panjit International Inc.,AEC-Q101,DigiKey,3757-PJD9P06A-AU_L2_000A1CT-ND,"P-Channel 60 V 2.5A (Ta), 7A (Tc) 2W (Ta), 15.6W (Tc) Surface Mount TO-252AA",https://www.digikey.com/en/products/detail/panjit-international-inc/PJD9P06A-AU-L2-000A1/15800633,https://www.panjit.com.tw/upload/datasheet/PJD9P06A-AU.pdf
3,"R1,R4,R5",100k,Resistor_SMD:R_0805_2012Metric,SG73S2ATTD1003F,"KOA Speer Electronics, Inc.",AEC-Q200,DigiKey,2019-SG73S2ATTD1003FCT-ND,"100 kOhms ±1% 0.75W, 3/4W Chip Resistor 0805 (2012 Metric) Automotive AEC-Q200, Moisture Resistant, Pulse Withstanding Thick Film",https://www.digikey.com/en/products/detail/koa-speer-electronics-inc/SG73S2ATTD1003F/10279970,https://www.koaspeer.com/pdfs/SG73S.pdf
4,"R2,R6,R8,R9",1k,Resistor_SMD:R_0805_2012Metric,SG73S2ATTD1001F,"KOA Speer Electronics, Inc.",AEC-Q200,DigiKey,2019-SG73S2ATTD1001FCT-ND,"1 kOhms ±1% 0.75W, 3/4W Chip Resistor 0805 (2012 Metric) Automotive AEC-Q200, Moisture Resistant, Pulse Withstanding Thick Film",https://www.digikey.com/en/products/detail/koa-speer-electronics-inc/SG73S2ATTD1001F/10279896,https://www.koaspeer.com/pdfs/SG73S.pdf
1,R3,43.2k,Resistor_SMD:R_0805_2012Metric,RK73H2ATTD4322F,"KOA Speer Electronics, Inc.",AEC-Q200,DigiKey,2019-RK73H2ATTD4322FCT-ND,"43.2 kOhms ±1% 0.25W, 1/4W Chip Resistor 0805 (2012 Metric) Automotive AEC-Q200 Thick Film",https://www.digikey.com/en/products/detail/koa-speer-electronics-inc/RK73H2ATTD4322F/10233973,https://www.koaspeer.com/pdfs/RK73H.pdf
1,R7,24.9k,Resistor_SMD:R_0805_2012Metric,RK73H2ATTD2492F,"KOA Speer Electronics, Inc.",AEC-Q200,DigiKey,2019-RK73H2ATTD2492FCT-ND,"24.9 kOhms ±1% 0.25W, 1/4W Chip Resistor 0805 (2012 Metric) Automotive AEC-Q200 Thick Film",https://www.digikey.com/en/products/detail/koa-speer-electronics-inc/RK73H2ATTD2492F/10234069,https://www.koaspeer.com/pdfs/RK73H.pdf
1,R10,10k,Resistor_SMD:R_0805_2012Metric,SG73S2ATTD103J,"KOA Speer Electronics, Inc.",AEC-Q200,DigiKey,2019-SG73S2ATTD103JCT-ND,"10 kOhms ±5% 0.75W, 3/4W Chip Resistor 0805 (2012 Metric) Automotive AEC-Q200, Moisture Resistant, Pulse Withstanding Thick Film",https://www.digikey.com/en/products/detail/koa-speer-electronics-inc/SG73S2ATTD103J/10279997,https://www.koaspeer.com/pdfs/SG73S.pdf
1,R11,120,Resistor_SMD:R_0805_2012Metric,SG73S2ATTD1200F,"KOA Speer Electronics, Inc.",AEC-Q200,DigiKey,2019-SG73S2ATTD1200FCT-ND,"120 Ohms ±1% 0.75W, 3/4W Chip Resistor 0805 (2012 Metric) Automotive AEC-Q200, Moisture Resistant, Pulse Withstanding Thick Film",https://www.digikey.com/en/products/detail/koa-speer-electronics-inc/SG73S2ATTD1200F/10279903,https://www.koaspeer.com/pdfs/SG73S.pdf
